<feed xmlns="http://www.w3.org/2005/Atom" xmlns:d="http://schemas.microsoft.com/ado/2007/08/dataservices" xmlns:m="http://schemas.microsoft.com/ado/2007/08/dataservices/metadata" xmlns:georss="http://www.georss.org/georss" xmlns:gml="http://www.opengis.net/gml" xml:base="http://datamall2.mytransport.sg/ltaodataservice">
    <link rel="self" href="http://datamall2.mytransport.sg/ltaodataservice/trafficflow" />
    <entry>
        <content type="application/xml">
            <m:properties>
                <d:Link>https://dmprod-datasets.s3.ap-southeast-1.amazonaws.com/traffic-flow/data/trafficflow.json?X-Amz-Security-Token=IQoJb3JpZ2luX2VjEA8aDmFwLXNvdXRoZWFzdC0xIkYwRAIgVfcqzJj8wN%2B8RGl7kuO4yerSdNBCfpaSsv5brcseflACIA12SuLa%2B49nyYpZqzyB04uOM5nb8bUwcyBtig3PX3TRKssFCOj%2F%2F%2F%2F%2F%2F%2F%2F%2F%2FwEQAxoMMzQwNjQ1MzgxMzA0IgyWe8RYwKCbo%2FKkjhUqnwVyauAEqXKje3AXMm6n5tv2cT7uHyDzZT1LhNZAMhyuvNuNcmyTxMv6LpAqiP7jyF6mJemD%2FlB9vTwkxPh3dwh0k2ZpfmQ2%2FFqodoR1ufUun6wE0KOekBJiKsnXc5%2Fdrvp487Kzdo9Y3yR9QxocuMntvSmiB9NrdRRPHVDvjz%2Fqkgc%2FdA2i%2FsY4zSBzpLVjhSgeHNKFY%2FDZsdtc%2B3UZSehEU%2FjxVpGkBFwsBqvJYKd2VVitth8AG%2FUK%2FGsR2yi0oBUnhQrPNuRXdhJfShS1IiEU8F4TPequj4PBGQwhEN3T5f%2FKovGJhP%2Ft4w4dRf0DHwQW%2BIHOtM6g3CpRxvR%2FbBPMCBNDfdHdJWtzhDGyRYD4QE9mTIHhVoYX5fHVhglvt5Sw0%2B4RniowjycNlX3%2FWrRet1CtF%2F58ct%2Fnu8hCk4DeCHQcaHpeUn7nSYg7GGmS%2BYWFPo%2BN7AbJqjNPt9cboofNxLOAWUfQWW89z6X8Mf%2FNmPtq0lcro59l9m5mPhnhVVhdONXo0XGolVUQBxUFAKT5%2FktjSiV8J4dcGrI1kFHkLO%2BVq%2Byfuv%2F2JFju%2FUXjkIDnb3Pgdvdk3oRP8esKzKsxuZN0b3BKkSgdJwGdqVtkyDKeIleOQrgyFRIiAMPJEUX5fEoL00P4Sfo1a1WndvRQ1e7I31Sg%2FYt%2BAtR32jEHz8oClSKWMhBOQUWlvfEUtDJLhEoS8PXV31eLhFz1DkibLvU1SYoXarKYYEfDPFARootSlv2gpxdX%2BpjPVqJVPYP3k20C0gPhF9E73icxMBte5bYecM1CXe1UAMTlFtgD6VDS8hUIdBxK%2FiROuHR6qC1KeOO2gX%2FFU%2FFndo2Wc5TI4opEjNaYWpkKEs2ZZVp1ergPgIaSHt5Ned%2F8gq0l8TDAmK%2BhBjqyAUH%2BE6hFGxrkaaCk4b1qJxcr62HeMRklqvyVNIJaYue1ayS1b70i7MuUa9TAdf%2BPuXOUgCvG6ashjExaDDGmKzYO0a395lXebAIDZmUvkvb2NnbufOze5Ph37BlR1fjUvvP4ZlOamGU1Tx6subFt32eGjEHBctF5LhvXFds9Q80N%2BNzqDxWzet18lTENKS4Qfjr04XIq%2FmcqzmMneQ0Pndh%2FkKDmL3%2FTQvmvv6Z7UMpGu1Q%3D&X-Amz-Algorithm=AWS4-HMAC-SHA256&X-Amz-Date=20230404T072221Z&X-Amz-SignedHeaders=host&X-Amz-Expires=299&X-Amz-Credential=ASIAU6UAMAS4MIYHZ2NO%2F20230404%2Fap-southeast-1%2Fs3%2Faws4_request&X-Amz-Signature=2e009f458bf75b2fbc7ab6e27890a5448d6fb120bd480e11e5c9faadc9b53eb9</d:Link>
            </m:properties>
        </content>
    </entry>
</feed>